part1;part2
ROZWOJOWE TENDENCJE;W EDUKACJI
ZRÓWNOWA¯ONY ROZWÓJ;W MIASTACH
NOWOCZESNE TECHNOLOGIE;W MEDYCYNIE
ZARZ¥DZANIE ZMIAN¥;W ORGANIZACJI
PRZEMYS£ 4.0;W FINANSACH
NOWE TRENDY;W BUDOWNICTWIE
EKSTRAWAGANCKA MASZYNERIA;W NOWOCZESNEJ DOKUMENTACJI
KIE£BASY;W NOWOCZENYM MAKIJA¯U
FANTASTYCZNE CYBERBANANY;W BADANIU POLITYKI
MIODOWE KOSMICZNE MUCHOMORY;W PRZYSPIESZENIU QUARKÓW
ELEKTRYZUJ¥CE MOPSY;W FIZYCE KWANTOWEJ
KWIATOWE PANTOFLE;W BADANIU UFO
SKACZ¥CE PINGWINKI;W KREATYWNOŒCI ARCHITEKTURY
ROZTAÑCZONE BRZOZKI;W EKONOMII EKSPERYMENTALNEJ
